Country,Year,Population Growth,Total Population,Net Migration,GDP (current US$),GDP per Capita (current US$),Life Expectancy,Unemployment Rate
Canada,2020,1.08436897113225,38028638.0,256592.0,1655686966881.99,43537.8981198851,81.53,9.657
Canada,2019,1.46171259938134,37618495.0,387685.0,1743728952156.85,46352.9695208927,82.1585365853659,5.69
Canada,2018,1.43322615679352,37072620.0,420224.0,1725330736237.69,46539.2177903178,81.8036585365854,5.837
Canada,2017,1.19543575451553,36545075.0,372685.0,1649269496514.62,45129.7335281051,81.8078048780488,6.426
Canada,2016,1.13153974027004,36110803.0,329455.0,1527996250640.92,42314.1033623905,81.94,7.038
Canada,2015,0.760300145238936,35704498.0,224332.0,1556510380200.23,43594.2379080706,81.8258536585366,6.945
Canada,2014,1.00142284689661,35434066.0,192884.0,1805751688808.98,50960.8942086685,81.7843902439025,7.023
Canada,2013,1.05338098055318,35080992.0,239813.0,1846583831414.43,52637.7313222622,81.7448780487805,7.143
Canada,2012,1.08374652233653,34713395.0,243748.0,1828359477071.97,52670.1429540952,81.6636585365854,7.392
Canada,2011,0.97540725097113,34339221.0,227075.0,1793335727900.85,52224.1237767406,81.4826829268293,7.637
Canada,2010,1.11135202971694,34005902.0,225369.0,1617349192091.46,47560.8378831258,81.3221951219512,8.178
Canada,2009,1.14470768476526,33630069.0,244463.0,1374627766599.6,40874.9612318547,81.0660975609756,8.46
Canada,2008,1.083871149194,33247298.0,238083.0,1552993439550.14,46710.3654423328,80.7246341463415,6.284
Canada,2007,0.970654173316653,32888886.0,213801.0,1468820407783.26,44660.0838892281,80.5436585365854,6.156
Canada,2006,1.01355939144957,32571193.0,202175.0,1319291255289.14,40504.8490329826,80.5436585365854,6.484
Canada,2005,0.94708626967041,32242732.0,204526.0,1173118501402.87,36383.9671341396,80.1126829268293,6.758
Canada,2004,0.932186964148048,31938807.0,194611.0,1026691006917.76,32145.5653280273,79.9921951219512,7.185
Canada,2003,0.899226809998674,31642461.0,185643.0,895542074084.648,28301.9097055898,79.7151219512195,7.574
Canada,2002,1.08479328329522,31359199.0,208060.0,760650608551.583,24256.0598742201,79.5307317073171,7.665
Canada,2001,1.0861994547665,31020855.0,222100.0,738981792355.372,23822.096210932,79.3980487804878,7.219
Canada,2000,0.931281553452429,30685730.0,201727.0,744773415931.587,24271.0020563821,79.1668292682927,6.829
Mexico,2020,0.820454117563552,126799054.0,-147456.0,1121064767168.8,8841.27074929751,70.449,4.44
Mexico,2019,0.950144329831411,125762982.0,-169628.0,1304106204006.27,10369.5553593527,74.53,3.477
Mexico,2018,0.9466023549862,124573711.0,-175356.0,1256300182983.65,10084.7937570364,74.301,3.275
Mexico,2017,0.935239396499786,123400057.0,-227499.0,1190721475853.16,9649.27816729586,74.261,3.419
Mexico,2016,0.969124204799117,122251351.0,-304472.0,1112233497452.7,9097.92397674769,74.376,3.853
Mexico,2015,1.06956376155677,121072306.0,-291044.0,1213294467653.78,10021.2386113616,74.431,4.311
Mexico,2014,1.21002702971431,119784261.0,-228816.0,1364507717689.36,11391.3773503964,74.404,4.819
Mexico,2013,1.29730808025224,118343573.0,-120058.0,1327436290439.27,11216.800851866,74.289,4.921
Mexico,2012,1.35716327923769,116818208.0,-128485.0,1255110424741.85,10744.1335236186,74.128,4.892
Mexico,2011,1.41534883852036,115243504.0,-37826.0,1229013703416.76,10664.4944032313,73.921,5.175
Mexico,2010,1.43974472572946,113623895.0,-40845.0,1105424238651.95,9728.80078307432,73.718,5.303
Mexico,2009,1.4619172053372,111999721.0,-30809.0,943437414950.633,8423.56933148639,73.628,5.356
Mexico,2008,1.46015632826518,110374288.0,-50347.0,1161553459984.65,10523.7685427665,73.695,3.874
Mexico,2007,1.40789058424163,108774360.0,-105524.0,1102355554880.44,10134.3327129706,73.796,3.628
Mexico,2006,1.35374920696209,107253666.0,-244140.0,1020265057882.01,9512.63575346699,73.746,3.566
Mexico,2005,1.34857895792648,105811504.0,-310278.0,917571853437.344,8671.75891798441,73.627,3.558
Mexico,2004,1.3653083154997,104394131.0,-346912.0,819459227375.022,7849.66759649565,73.432,3.937
Mexico,2003,1.398263627903,102978515.0,-369183.0,765549967888.647,7434.07465031562,73.308,3.455
Mexico,2002,1.43770526775457,101548624.0,-379812.0,810666116401.915,7983.03398381759,73.106,3.003
Mexico,2001,1.48303091731143,100099099.0,-378348.0,796064590549.136,7952.76479510706,72.912,2.627
Mexico,2000,1.54272528221216,98625552.0,-356433.0,742061329749.127,7524.0271380091,72.562,2.646
United States,2020,0.408543376643957,331578104.0,329769.0,21375281000000.0,64465.2971415748,76.9804878048781,8.055
United States,2019,0.515108555014533,330226227.0,1774500.0,21539982000000.0,65227.9565911038,78.7878048780488,3.669
United States,2018,0.586433075122573,328529577.0,1764961.0,20656516000000.0,62875.6661382728,78.6390243902439,3.896
United States,2017,0.692906252591617,326608609.0,1864738.0,19612102000000.0,60047.7190728307,78.5390243902439,4.355
United States,2016,0.785625485688815,324353340.0,1889129.0,18804913000000.0,57976.628204291,78.5390243902439,4.869
United States,2015,0.797904713382564,321815121.0,1722127.0,18295019000000.0,56849.4697923159,78.690243902439,5.28
United States,2014,0.796023797809134,319257560.0,1672598.0,17608138000000.0,55153.3940182967,78.8414634146341,6.168
United States,2013,0.756560083436754,316726282.0,1663885.0,16880683000000.0,53297.3862901595,78.7414634146342,7.375
United States,2012,0.79838290137163,314339099.0,1632007.0,16253970000000.0,51708.3940614082,78.7414634146342,8.069
United States,2011,0.79239433316435,311839461.0,1624033.0,15599732000000.0,50024.8812320773,78.6414634146341,8.949
United States,2010,0.846129865832117,309378227.0,1594453.0,15048971000000.0,48642.6312088213,78.5414634146342,9.633
United States,2009,0.876651298802912,306771529.0,1387306.0,14478067000000.0,47194.9500893872,78.390243902439,9.254
United States,2008,0.945865287282592,304093966.0,1416841.0,14769862000000.0,48570.0594269601,78.0390243902439,5.784
United States,2007,0.951055242772428,301231207.0,1371353.0,14474228000000.0,48050.227412195,77.9878048780488,4.622
United States,2006,0.964253917136075,298379912.0,1347750.0,13815583000000.0,46301.9876485519,77.6878048780488,4.623
United States,2005,0.921713167161207,295516599.0,1369224.0,13039197000000.0,44123.3996470026,77.4878048780488,5.084
United States,2004,0.925483968943482,292805298.0,1313467.0,12217196000000.0,41724.6411982614,77.4878048780488,5.529
United States,2003,0.859481712840946,290107933.0,1331376.0,11456450000000.0,39490.3023903176,77.0365853658537,5.989
United States,2002,0.927797485710314,287625193.0,1336518.0,10929108000000.0,37997.7424300242,76.9365853658537,5.783
United States,2001,0.989741382223669,284968955.0,1312455.0,10581929000000.0,37133.6203973517,76.8365853658537,4.731
United States,2000,1.11276899679534,282162411.0,1248392.0,10250952000000.0,36329.9702595751,76.6365853658537,3.992
