headline,description,url,retrieved_at_utc
Trump says men arrested over RAF Fairford incident had been 'under view for a long time',Arrests made after three suspicious vehicles were reported to be heading towards the RAF base. The US Air Force uses the base in England for long-range bombing missions.,https://www.bbc.com/news/live/c65y7nl29k0et,2026-09-27T17:41:46+00:00
Young people in China are fangirling over a professor who gets their anxiety,"China's economy and tech have developed at breakneck speed, but there is plenty worrying its Gen Z.",https://www.bbc.com/news/articles/cq70dgdndr46o,2026-09-27T17:41:46+00:00
Contentious Northern Ireland march at standstill as demonstrators block road,"The march, which in the 1990s sparked some of the most serious disorder in Northern Ireland's history, will go ahead for the first time in nearly 30 years after a series of courtroom challenges.",https://www.bbc.com/news/live/ckz6z4z57y5nt,2026-09-27T17:41:46+00:00
Two bodies found after avalanche hits Himalayan climbing group,Rescuers are looking for at least 10 Nepalese people who were preparing to take climbers up the Himlung Himal peak.,https://www.bbc.com/news/articles/cwjdvml9e897o,2026-09-27T17:41:46+00:00
The young women guiding tourists through India's night sky,"Astronomy tourism is giving young women in Hanle income, confidence and a new role in their community.",https://www.bbc.com/news/articles/cvp8d0nezkeko,2026-09-27T17:41:46+00:00
Watch: At the scene of counter-terrorism operation near RAF Fairford,Five men have been arrested as counter-terrorism police lead investigation into major incident near RAF Fairford.,https://www.bbc.com/news/videos/cxp84gq34n9zo,2026-09-27T17:41:46+00:00
The treasured 'eternal snow' on this tropical island is about to disappear forever,"Climate change is transforming Papua's snowy peaks, which hold scientific value and spiritual significance.",https://www.bbc.com/news/articles/cm5ydvww0erdo,2026-09-27T17:41:46+00:00
Two mass shootings in South Africa leave 27 dead,The two attacks hours apart come as the country struggles to stop high levels of gang-related armed violence.,https://www.bbc.com/news/articles/ck5ywnp075d1o,2026-09-27T17:41:46+00:00
Iranian minister says only negotiation can end conflict after Trump rejects Hormuz deal,,https://www.bbc.com/news/articles/cmvgyyw2jeego,2026-09-27T17:41:46+00:00
"'Scourge' of abuse must be rooted out, says Pope during Lourdes visit",,https://www.bbc.com/news/articles/cm5y5nj8ejj8o,2026-09-27T17:41:46+00:00
"Before BTS and Blackpink, there was Big Bang: Now the Kings of K-pop are back",,https://www.bbc.com/news/articles/cq39me84zrkdo,2026-09-27T17:41:46+00:00
Switzerland rejects stricter interpretation of its neutrality,,https://www.bbc.com/news/articles/cm750plvwy9vo,2026-09-27T17:41:46+00:00
Venezuela releases dozens of political prisoners as election calls grow,,https://www.bbc.com/news/articles/c620lrw2xr12o,2026-09-27T17:41:46+00:00
Killer Christa Pike to be executed within days - but her defence say she's a victim too,"Lawyers for Pike, who killed a fellow student in 1995, say she should get clemency and would not be sentenced to death if the crime happened today.",https://www.bbc.com/news/articles/c6pwl9g9ne1lo,2026-09-27T17:41:46+00:00
'Gaming pays me double what I earned as a teacher',Jarvs Tasker says it would have taken her 20 years as a teacher to make what she earns now.,https://www.bbc.com/news/articles/cwe8eje6zny7o,2026-09-27T17:41:46+00:00
From Nagaland to a path to the Oscars: Indian film brings a rarely seen world to global cinema,"After a major win at Toronto, Angh, a film from northeastern India, is now on a path towards the Oscars.",https://www.bbc.com/news/articles/cv2dwk3z7x5eo,2026-09-27T17:41:46+00:00
Orange Order march row goes to heart of ongoing divisions in Northern Ireland,The dispute over the controversial parade is a reminder that the peace process is not over.,https://www.bbc.com/news/articles/ckx2zq7x32wro,2026-09-27T17:41:46+00:00
Mother of woman found hanging in tree shocked as police say body was staged,Christy Spivey tells the BBC she only has more questions now police think Tasia Fortune's body was put in the tree after her death.,https://www.bbc.com/news/articles/cq4gmmdl52rgo,2026-09-27T17:41:46+00:00
Child's hidden letter found after 44 years,Michelle Harwood had not been born when the letter was written and did not expect to find the writer.,https://www.bbc.com/news/articles/cqd08x91eympo,2026-09-27T17:41:46+00:00
"'Broken social care will in the end break the NHS,' says UK PM",Andy Burnham said the proposed care service would be laid out in detail and put on the ballot at the next general election.,https://www.bbc.com/news/videos/c6ge4lyy9x0no,2026-09-27T17:41:46+00:00
One dead as nor'easter storm pummels New York and New Jersey,Tens of millions of people from Maine to Virginia found themselves in the path of the powerful weather system.,https://www.bbc.com/news/articles/ck1wxxzn5jndo,2026-09-27T17:41:46+00:00
UK PM Burnham refuses to back third runway at Heathrow,Andy Burnham said he would wait for the results of a consultation on a scheme estimated to cost £33bn,https://www.bbc.com/news/articles/cvrl6y8rx08wo,2026-09-27T17:41:46+00:00
Sexless in Japan,,https://www.bbc.com/news/world-asia-40511655,2026-09-27T17:41:46+00:00
Watch: Bangkok declared flood disaster zone,,https://www.bbc.com/news/videos/cwp933mr9v1xo,2026-09-27T17:41:46+00:00
Pornhub investigated over its age checks,,https://www.bbc.com/news/videos/cm5ywr3wdl28o,2026-09-27T17:41:46+00:00
Are claims of a white genocide in South Africa real?,,https://www.bbc.com/news/videos/cme8xx55eryno,2026-09-27T17:41:46+00:00
What we know about RAF Fairford counter-terror probe,,https://www.bbc.com/news/articles/c85ydnwqpzyzo,2026-09-27T17:41:46+00:00
Can you eat ultra-processed foods and still be healthy? A dietitian analysed my weekly shop,,https://www.bbc.com/news/articles/cqn4knlj9v81o,2026-09-27T17:41:46+00:00
